pipeline,score_mean,score_sd,n_subjects
CSP+LDA,0.6222222222222222,0.2255979429135221,10
CSP+SVM,0.5888888888888889,0.23138697995417856,10
