LDA_mean_acc,LDA_std_acc,SVM_mean_acc,SVM_std_acc,RF_mean_acc,RF_std_acc,subject,n_trials,n_channels,n_timepoints,n_classes,best_model,best_acc
0.7081669691470054,0.08812784266349452,0.7947973381730187,0.04693545612862553,0.7569267997580157,0.02745548569657531,1,288,22,1126,4,SVM,0.7947973381730187
0.5206291591046581,0.04749971952081785,0.6355111917725348,0.0735618253760552,0.6043557168784028,0.04900181488203265,2,288,22,1126,4,SVM,0.6355111917725348
0.7323653962492437,0.054557006148155215,0.8261343012704174,0.06586484199087432,0.7947973381730187,0.06313895790351036,3,288,22,1126,4,SVM,0.8261343012704174
0.5312764670296432,0.03634210323776036,0.5519661222020569,0.0522982295153844,0.5103448275862068,0.03463591400564482,4,288,22,1126,4,SVM,0.5519661222020569
0.37120387174833636,0.07198186847646437,0.42704174228675135,0.058902328083348776,0.36110102843315184,0.05241356756937713,5,288,22,1126,4,SVM,0.42704174228675135
0.48251663641863274,0.05977274781056576,0.5347852389594676,0.05147989655982726,0.43393829401088924,0.09388216916761694,6,288,22,1126,4,SVM,0.5347852389594676
0.7638838475499093,0.04977047194672899,0.8095583787053842,0.09237830761992483,0.7749546279491832,0.09105688179978501,7,288,22,1126,4,SVM,0.8095583787053842
0.7292196007259528,0.06606076419379685,0.8402903811252269,0.022437640034063185,0.757047791893527,0.05398846151881095,8,288,22,1126,4,SVM,0.8402903811252269
0.5385064935064935,0.1219300880231085,0.5814285714285714,0.04410890840072548,0.5309090909090909,0.04067289057419757,9,277,22,1126,4,SVM,0.5814285714285714
